{"Country":"Belgium","total_quantity":89,"total_price":52.449999999999996,"avg_spent (dollars)":0.5893258426966291}
{"Country":"Finland","total_quantity":97,"total_price":15.28,"avg_spent (dollars)":0.1575257731958763}
{"Country":"Germany","total_quantity":854,"total_price":365.88,"avg_spent (dollars)":0.4284309133489461}
{"Country":"Netherlands","total_quantity":1329,"total_price":66.92,"avg_spent (dollars)":0.050353649360421374}
{"Country":"Canada","total_quantity":74,"total_price":36.900000000000006,"avg_spent (dollars)":0.4986486486486487}
{"Country":"Greece","total_quantity":20,"total_price":3.5999999999999996,"avg_spent (dollars)":0.18}
{"Country":"European Community","total_quantity":6,"total_price":2.95,"avg_spent (dollars)":0.4916666666666667}
{"Country":"Japan","total_quantity":1,"total_price":0.85,"avg_spent (dollars)":0.85}
{"Country":"Cyprus","total_quantity":56,"total_price":50.67999999999999,"avg_spent (dollars)":0.9049999999999999}
{"Country":"Italy","total_quantity":199,"total_price":18.939999999999998,"avg_spent (dollars)":0.09517587939698491}
{"Country":"Denmark","total_quantity":164,"total_price":19.340000000000003,"avg_spent (dollars)":0.1179268292682927}
{"Country":"Australia","total_quantity":397,"total_price":66.99000000000001,"avg_spent (dollars)":0.1687405541561713}
{"Country":"Unspecified","total_quantity":31,"total_price":7.15,"avg_spent (dollars)":0.2306451612903226}
