{"Country":"Austria","total_quantity":40,"total_price":16.599999999999998,"avg_spent (dollars)":0.4149999999999999}
{"Country":"Cyprus","total_quantity":504,"total_price":195.39,"avg_spent (dollars)":0.38767857142857143}
{"Country":"Belgium","total_quantity":217,"total_price":115.04,"avg_spent (dollars)":0.5301382488479263}
{"Country":"Czech Republic","total_quantity":24,"total_price":0.85,"avg_spent (dollars)":0.035416666666666666}
{"Country":"Finland","total_quantity":72,"total_price":55.699999999999996,"avg_spent (dollars)":0.773611111111111}
{"Country":"Sweden","total_quantity":348,"total_price":6.41,"avg_spent (dollars)":0.018419540229885057}
{"Country":"Canada","total_quantity":60,"total_price":3.02,"avg_spent (dollars)":0.050333333333333334}
{"Country":"Netherlands","total_quantity":3020,"total_price":268.59,"avg_spent (dollars)":0.08893708609271522}
{"Country":"Hong Kong","total_quantity":40,"total_price":3.8000000000000003,"avg_spent (dollars)":0.095}
{"Country":"Poland","total_quantity":78,"total_price":90.6,"avg_spent (dollars)":1.1615384615384614}
