{"Country":"Norway","total_quantity":175,"total_price":99.82000000000001,"avg_spent (dollars)":0.5704}
{"Country":"Unspecified","total_quantity":33,"total_price":7.55,"avg_spent (dollars)":0.2287878787878788}
{"Country":"United Kingdom","total_quantity":150714,"total_price":76631.57000000014,"avg_spent (dollars)":0.50845687859124}
{"Country":"Japan","total_quantity":158,"total_price":16.150000000000002,"avg_spent (dollars)":0.10221518987341774}
{"Country":"Australia","total_quantity":523,"total_price":32.980000000000004,"avg_spent (dollars)":0.06305927342256215}
{"Country":"Lebanon","total_quantity":28,"total_price":25.45,"avg_spent (dollars)":0.9089285714285714}
{"Country":"Denmark","total_quantity":104,"total_price":30.02,"avg_spent (dollars)":0.28865384615384615}
{"Country":"EIRE","total_quantity":3960,"total_price":1069.2,"avg_spent (dollars)":0.27}
{"Country":"Spain","total_quantity":608,"total_price":301.11,"avg_spent (dollars)":0.4952467105263158}
{"Country":"Singapore","total_quantity":68,"total_price":7.6000000000000005,"avg_spent (dollars)":0.11176470588235295}
{"Country":"Portugal","total_quantity":163,"total_price":79.47000000000001,"avg_spent (dollars)":0.4875460122699387}
{"Country":"France","total_quantity":1167,"total_price":236.58000000000004,"avg_spent (dollars)":0.20272493573264785}
{"Country":"Channel Islands","total_quantity":402,"total_price":106.18999999999998,"avg_spent (dollars)":0.2641542288557214}
{"Country":"European Community","total_quantity":24,"total_price":1.25,"avg_spent (dollars)":0.052083333333333336}
{"Country":"Iceland","total_quantity":18,"total_price":14.85,"avg_spent (dollars)":0.825}
{"Country":"Italy","total_quantity":149,"total_price":112.50000000000003,"avg_spent (dollars)":0.75503355704698}
{"Country":"Israel","total_quantity":30,"total_price":27.05,"avg_spent (dollars)":0.9016666666666667}
{"Country":"Greece","total_quantity":36,"total_price":18.2,"avg_spent (dollars)":0.5055555555555555}
{"Country":"Switzerland","total_quantity":425,"total_price":90.91000000000001,"avg_spent (dollars)":0.2139058823529412}
{"Country":"Malta","total_quantity":64,"total_price":12.25,"avg_spent (dollars)":0.19140625}
{"Country":"Germany","total_quantity":2153,"total_price":714.7299999999999,"avg_spent (dollars)":0.3319693450998606}
