{"Country":"Hong Kong","total_quantity":670,"total_price":147.48999999999998,"avg_spent (dollars)":0.22013432835820892}
{"Country":"Czech Republic","total_quantity":72,"total_price":2.25,"avg_spent (dollars)":0.03125}
{"Country":"Poland","total_quantity":152,"total_price":27.44,"avg_spent (dollars)":0.1805263157894737}
{"Country":"Channel Islands","total_quantity":1153,"total_price":356.0,"avg_spent (dollars)":0.30875975715524717}
{"Country":"Norway","total_quantity":1561,"total_price":269.75,"avg_spent (dollars)":0.1728058936579116}
{"Country":"Denmark","total_quantity":780,"total_price":119.8,"avg_spent (dollars)":0.1535897435897436}
{"Country":"Sweden","total_quantity":2525,"total_price":58.55,"avg_spent (dollars)":0.023188118811881188}
{"Country":"United Kingdom","total_quantity":356221,"total_price":143739.83000000118,"avg_spent (dollars)":0.4035130719412982}
{"Country":"USA","total_quantity":331,"total_price":51.18000000000001,"avg_spent (dollars)":0.1546223564954683}
{"Country":"Netherlands","total_quantity":22656,"total_price":741.2899999999997,"avg_spent (dollars)":0.03271936793785309}
{"Country":"Australia","total_quantity":9632,"total_price":460.86999999999995,"avg_spent (dollars)":0.047847799003322256}
{"Country":"Malta","total_quantity":42,"total_price":19.6,"avg_spent (dollars)":0.4666666666666667}
{"Country":"Switzerland","total_quantity":4232,"total_price":761.6199999999999,"avg_spent (dollars)":0.17996691871455575}
{"Country":"Iceland","total_quantity":212,"total_price":67.62,"avg_spent (dollars)":0.3189622641509434}
{"Country":"Canada","total_quantity":98,"total_price":14.16,"avg_spent (dollars)":0.14448979591836736}
{"Country":"Lithuania","total_quantity":90,"total_price":15.0,"avg_spent (dollars)":0.16666666666666666}
{"Country":"Unspecified","total_quantity":160,"total_price":150.91000000000003,"avg_spent (dollars)":0.9431875000000002}
{"Country":"Spain","total_quantity":2535,"total_price":761.6099999999999,"avg_spent (dollars)":0.30043786982248516}
