{"Country":"Italy","total_quantity":757,"total_price":251.07000000000002,"avg_spent (dollars)":0.331664464993395}
{"Country":"Finland","total_quantity":1171,"total_price":288.63,"avg_spent (dollars)":0.24648163962425276}
{"Country":"European Community","total_quantity":70,"total_price":58.3,"avg_spent (dollars)":0.8328571428571429}
{"Country":"Germany","total_quantity":15914,"total_price":3181.4400000000005,"avg_spent (dollars)":0.19991454065602618}
{"Country":"Japan","total_quantity":2404,"total_price":96.06,"avg_spent (dollars)":0.039958402662229615}
{"Country":"Austria","total_quantity":511,"total_price":115.99000000000001,"avg_spent (dollars)":0.22698630136986303}
{"Country":"Cyprus","total_quantity":197,"total_price":440.53000000000003,"avg_spent (dollars)":2.2361928934010153}
{"Country":"Portugal","total_quantity":2119,"total_price":554.2099999999999,"avg_spent (dollars)":0.2615431807456347}
{"Country":"Singapore","total_quantity":779,"total_price":210.41000000000003,"avg_spent (dollars)":0.27010269576379975}
{"Country":"Belgium","total_quantity":2621,"total_price":1049.2799999999997,"avg_spent (dollars)":0.40033574971384955}
{"Country":"Lebanon","total_quantity":16,"total_price":20.9,"avg_spent (dollars)":1.30625}
{"Country":"RSA","total_quantity":77,"total_price":36.0,"avg_spent (dollars)":0.4675324675324675}
{"Country":"Israel","total_quantity":476,"total_price":89.91000000000001,"avg_spent (dollars)":0.18888655462184875}
{"Country":"Brazil","total_quantity":29,"total_price":17.59,"avg_spent (dollars)":0.606551724137931}
{"Country":"EIRE","total_quantity":12316,"total_price":2745.1899999999996,"avg_spent (dollars)":0.22289623254303342}
{"Country":"France","total_quantity":15934,"total_price":3369.429999999999,"avg_spent (dollars)":0.21146165432408678}
{"Country":"Greece","total_quantity":82,"total_price":81.05,"avg_spent (dollars)":0.9884146341463415}
