{"Country":"France","total_quantity":90292,"total_price":32133.74000000001,"avg_spent (dollars)":0.3558869002790946}
{"Country":"Israel","total_quantity":3406,"total_price":855.0899999999999,"avg_spent (dollars)":0.2510540223135643}
{"Country":"Greece","total_quantity":1291,"total_price":535.39,"avg_spent (dollars)":0.4147095274980635}
{"Country":"Czech Republic","total_quantity":563,"total_price":70.92,"avg_spent (dollars)":0.12596802841918295}
{"Country":"Italy","total_quantity":6736,"total_price":3113.5800000000017,"avg_spent (dollars)":0.4622298099762473}
{"Country":"Portugal","total_quantity":13083,"total_price":7957.670000000003,"avg_spent (dollars)":0.6082450508293207}
{"Country":"Brazil","total_quantity":296,"total_price":100.01,"avg_spent (dollars)":0.33787162162162165}
{"Country":"RSA","total_quantity":273,"total_price":203.84999999999997,"avg_spent (dollars)":0.7467032967032966}
{"Country":"Lithuania","total_quantity":490,"total_price":75.58999999999999,"avg_spent (dollars)":0.15426530612244896}
{"Country":"Austria","total_quantity":3913,"total_price":1461.59,"avg_spent (dollars)":0.37352159468438534}
{"Country":"USA","total_quantity":1891,"total_price":328.26000000000005,"avg_spent (dollars)":0.17359069275515604}
{"Country":"Canada","total_quantity":2401,"total_price":834.8900000000001,"avg_spent (dollars)":0.3477259475218659}
{"Country":"European Community","total_quantity":326,"total_price":166.95,"avg_spent (dollars)":0.5121165644171779}
{"Country":"Bahrain","total_quantity":308,"total_price":79.81,"avg_spent (dollars)":0.25912337662337664}
{"Country":"Switzerland","total_quantity":23741,"total_price":5248.529999999998,"avg_spent (dollars)":0.22107451244682186}
{"Country":"EIRE","total_quantity":123893,"total_price":32918.71999999992,"avg_spent (dollars)":0.2657028242112139}
{"Country":"Unspecified","total_quantity":2951,"total_price":965.3499999999996,"avg_spent (dollars)":0.3271263978312435}
{"Country":"Australia","total_quantity":70346,"total_price":2825.529999999999,"avg_spent (dollars)":0.04016617860290562}
{"Country":"Germany","total_quantity":94679,"total_price":28023.489999999914,"avg_spent (dollars)":0.2959842203656557}
