{"Country":"Channel Islands","total_quantity":7457,"total_price":2745.4399999999996,"avg_spent (dollars)":0.3681695051629341}
{"Country":"Malta","total_quantity":826,"total_price":497.84000000000015,"avg_spent (dollars)":0.6027118644067798}
{"Country":"Denmark","total_quantity":6744,"total_price":958.5999999999999,"avg_spent (dollars)":0.14214116251482797}
{"Country":"Japan","total_quantity":23375,"total_price":537.9000000000001,"avg_spent (dollars)":0.023011764705882357}
{"Country":"Finland","total_quantity":7971,"total_price":3059.8399999999997,"avg_spent (dollars)":0.38387153431188054}
{"Country":"Saudi Arabia","total_quantity":80,"total_price":21.16,"avg_spent (dollars)":0.2645}
{"Country":"Hong Kong","total_quantity":3526,"total_price":6449.22,"avg_spent (dollars)":1.8290470788428814}
{"Country":"United Kingdom","total_quantity":3763890,"total_price":1523765.4640001538,"avg_spent (dollars)":0.40483793734677526}
{"Country":"NOVALUE","total_quantity":0}
{"Country":"Norway","total_quantity":16435,"total_price":4991.129999999999,"avg_spent (dollars)":0.3036890781867964}
{"Country":"Singapore","total_quantity":4046,"total_price":12669.589999999998,"avg_spent (dollars)":3.1313865546218485}
{"Country":"Netherlands","total_quantity":167495,"total_price":4892.770000000001,"avg_spent (dollars)":0.029211439147437245}
{"Country":"Lebanon","total_quantity":333,"total_price":187.53999999999994,"avg_spent (dollars)":0.563183183183183}
{"Country":"Belgium","total_quantity":19704,"total_price":5944.4400000000005,"avg_spent (dollars)":0.3016869671132765}
{"Country":"Sweden","total_quantity":32822,"total_price":1587.19,"avg_spent (dollars)":0.048357504113094876}
{"Country":"United Arab Emirates","total_quantity":922,"total_price":228.65000000000003,"avg_spent (dollars)":0.24799349240780916}
{"Country":"Iceland","total_quantity":2058,"total_price":360.69000000000005,"avg_spent (dollars)":0.17526239067055396}
{"Country":"Poland","total_quantity":3220,"total_price":1114.28,"avg_spent (dollars)":0.3460496894409938}
{"Country":"Spain","total_quantity":21462,"total_price":8009.170000000007,"avg_spent (dollars)":0.37317910725934245}
{"Country":"Cyprus","total_quantity":5459,"total_price":2443.4300000000003,"avg_spent (dollars)":0.4475966294193076}
