{"Country":"Cyprus","total_quantity":67,"total_price":312.75,"avg_spent (dollars)":4.667910447761194}
{"Country":"Malta","total_quantity":4,"total_price":1.25,"avg_spent (dollars)":0.3125}
{"Country":"Greece","total_quantity":50,"total_price":11.200000000000001,"avg_spent (dollars)":0.22400000000000003}
{"Country":"Portugal","total_quantity":764,"total_price":124.06,"avg_spent (dollars)":0.1623821989528796}
{"Country":"Brazil","total_quantity":2,"total_price":8.25,"avg_spent (dollars)":4.125}
{"Country":"United Arab Emirates","total_quantity":36,"total_price":0.39,"avg_spent (dollars)":0.010833333333333334}
{"Country":"Canada","total_quantity":59,"total_price":11.190000000000001,"avg_spent (dollars)":0.18966101694915258}
{"Country":"Lebanon","total_quantity":6,"total_price":2.1,"avg_spent (dollars)":0.35000000000000003}
{"Country":"Sweden","total_quantity":226,"total_price":19.67,"avg_spent (dollars)":0.0870353982300885}
{"Country":"Poland","total_quantity":150,"total_price":79.99000000000001,"avg_spent (dollars)":0.5332666666666668}
{"Country":"EIRE","total_quantity":4402,"total_price":610.8500000000001,"avg_spent (dollars)":0.13876646978646073}
{"Country":"Denmark","total_quantity":298,"total_price":43.67,"avg_spent (dollars)":0.14654362416107383}
{"Country":"Spain","total_quantity":2504,"total_price":198.04,"avg_spent (dollars)":0.07908945686900958}
{"Country":"USA","total_quantity":168,"total_price":21.770000000000003,"avg_spent (dollars)":0.12958333333333336}
{"Country":"European Community","total_quantity":36,"total_price":15.150000000000002,"avg_spent (dollars)":0.4208333333333334}
{"Country":"Singapore","total_quantity":184,"total_price":32.510000000000005,"avg_spent (dollars)":0.1766847826086957}
