{"Country":"Switzerland","total_quantity":1386,"total_price":278.14,"avg_spent (dollars)":0.20067821067821068}
{"Country":"Japan","total_quantity":78,"total_price":6.25,"avg_spent (dollars)":0.08012820512820513}
{"Country":"Australia","total_quantity":2366,"total_price":132.16000000000003,"avg_spent (dollars)":0.05585798816568048}
{"Country":"Lithuania","total_quantity":60,"total_price":2.9,"avg_spent (dollars)":0.04833333333333333}
{"Country":"Hong Kong","total_quantity":380,"total_price":44.34000000000001,"avg_spent (dollars)":0.11668421052631582}
{"Country":"Norway","total_quantity":848,"total_price":177.62000000000003,"avg_spent (dollars)":0.20945754716981135}
{"Country":"Germany","total_quantity":4366,"total_price":898.63,"avg_spent (dollars)":0.20582455336692626}
{"Country":"France","total_quantity":2329,"total_price":481.3400000000001,"avg_spent (dollars)":0.206672391584371}
{"Country":"Austria","total_quantity":273,"total_price":41.04,"avg_spent (dollars)":0.15032967032967032}
{"Country":"United Kingdom","total_quantity":130439,"total_price":49837.00999999995,"avg_spent (dollars)":0.38207138969173293}
{"Country":"Belgium","total_quantity":446,"total_price":127.31000000000002,"avg_spent (dollars)":0.28544843049327356}
{"Country":"Iceland","total_quantity":42,"total_price":5.85,"avg_spent (dollars)":0.1392857142857143}
{"Country":"Unspecified","total_quantity":104,"total_price":25.9,"avg_spent (dollars)":0.24903846153846151}
{"Country":"Finland","total_quantity":1119,"total_price":169.04000000000002,"avg_spent (dollars)":0.15106344950848974}
{"Country":"Israel","total_quantity":335,"total_price":71.99,"avg_spent (dollars)":0.21489552238805967}
{"Country":"Channel Islands","total_quantity":177,"total_price":131.87,"avg_spent (dollars)":0.7450282485875707}
{"Country":"Netherlands","total_quantity":5136,"total_price":169.54999999999998,"avg_spent (dollars)":0.03301207165109034}
{"Country":"Italy","total_quantity":233,"total_price":62.22,"avg_spent (dollars)":0.26703862660944205}
