{"Country":"Hong Kong","total_quantity":157,"total_price":21.89,"avg_spent (dollars)":0.13942675159235668}
{"Country":"Channel Islands","total_quantity":34,"total_price":21.15,"avg_spent (dollars)":0.6220588235294118}
{"Country":"Switzerland","total_quantity":447,"total_price":138.69,"avg_spent (dollars)":0.31026845637583894}
{"Country":"United Kingdom","total_quantity":51627,"total_price":32530.549999999952,"avg_spent (dollars)":0.6301073081914493}
{"Country":"France","total_quantity":1146,"total_price":384.36,"avg_spent (dollars)":0.3353926701570681}
{"Country":"USA","total_quantity":68,"total_price":12.09,"avg_spent (dollars)":0.17779411764705882}
{"Country":"Cyprus","total_quantity":78,"total_price":63.400000000000006,"avg_spent (dollars)":0.8128205128205129}
{"Country":"Bahrain","total_quantity":6,"total_price":2.95,"avg_spent (dollars)":0.4916666666666667}
{"Country":"Australia","total_quantity":945,"total_price":93.97,"avg_spent (dollars)":0.09943915343915344}
{"Country":"EIRE","total_quantity":2228,"total_price":751.4700000000001,"avg_spent (dollars)":0.3372845601436266}
{"Country":"Unspecified","total_quantity":21,"total_price":47.15,"avg_spent (dollars)":2.2452380952380953}
{"Country":"Iceland","total_quantity":56,"total_price":21.25,"avg_spent (dollars)":0.3794642857142857}
{"Country":"Malta","total_quantity":26,"total_price":8.75,"avg_spent (dollars)":0.33653846153846156}
{"Country":"Belgium","total_quantity":160,"total_price":84.33,"avg_spent (dollars)":0.5270625}
{"Country":"Czech Republic","total_quantity":12,"total_price":4.25,"avg_spent (dollars)":0.3541666666666667}
{"Country":"Austria","total_quantity":98,"total_price":34.53,"avg_spent (dollars)":0.3523469387755102}
{"Country":"Greece","total_quantity":78,"total_price":13.849999999999998,"avg_spent (dollars)":0.17756410256410254}
{"Country":"Portugal","total_quantity":35,"total_price":18.5,"avg_spent (dollars)":0.5285714285714286}
{"Country":"Denmark","total_quantity":145,"total_price":24.120000000000005,"avg_spent (dollars)":0.16634482758620692}
{"Country":"Netherlands","total_quantity":1301,"total_price":108.60999999999999,"avg_spent (dollars)":0.08348193697156032}
