{"Country":"Sweden","total_quantity":116,"total_price":14.2,"avg_spent (dollars)":0.12241379310344827}
{"Country":"Singapore","total_quantity":164,"total_price":29.880000000000003,"avg_spent (dollars)":0.18219512195121954}
{"Country":"Canada","total_quantity":71,"total_price":10.42,"avg_spent (dollars)":0.14676056338028168}
{"Country":"Poland","total_quantity":46,"total_price":8.4,"avg_spent (dollars)":0.1826086956521739}
{"Country":"Finland","total_quantity":274,"total_price":39.949999999999996,"avg_spent (dollars)":0.1458029197080292}
{"Country":"European Community","total_quantity":37,"total_price":45.199999999999996,"avg_spent (dollars)":1.2216216216216216}
{"Country":"RSA","total_quantity":2,"total_price":8.25,"avg_spent (dollars)":4.125}
{"Country":"Italy","total_quantity":38,"total_price":17.9,"avg_spent (dollars)":0.47105263157894733}
{"Country":"Germany","total_quantity":1297,"total_price":347.9699999999999,"avg_spent (dollars)":0.2682883577486507}
{"Country":"Brazil","total_quantity":26,"total_price":10.8,"avg_spent (dollars)":0.4153846153846154}
{"Country":"Norway","total_quantity":212,"total_price":50.45,"avg_spent (dollars)":0.23797169811320756}
{"Country":"Israel","total_quantity":162,"total_price":26.939999999999998,"avg_spent (dollars)":0.16629629629629628}
{"Country":"Spain","total_quantity":424,"total_price":160.64,"avg_spent (dollars)":0.37886792452830187}
{"Country":"United Arab Emirates","total_quantity":24,"total_price":0.85,"avg_spent (dollars)":0.035416666666666666}
